2020,YR2020,India137,IND,1400000000,70,90,90,15000
2020,YR2020,India224,IND,1400000000,70,90,90,15000
2020,YR2020,India139,IND,1400000000,70,90,90,15000
2020,YR2020,India69,IND,1400000000,70,90,90,15000
2020,YR2020,India138,IND,1400000000,70,90,90,15000
2020,YR2020,India410,IND,1400000000,70,90,90,15000
2020,YR2020,India406,IND,1400000000,70,90,90,15000
2020,YR2020,India105,IND,1400000000,70,90,90,15000
2020,YR2020,India334,IND,1400000000,70,90,90,15000
2020,YR2020,India491,IND,1400000000,70,90,90,15000
2020,YR2020,India185,IND,1400000000,70,90,90,15000
2020,YR2020,India235,IND,1400000000,70,90,90,15000
2020,YR2020,India465,IND,1400000000,70,90,90,15000
2020,YR2020,India345,IND,1400000000,70,90,90,15000
2020,YR2020,India12,IND,1400000000,70,90,90,15000
2020,YR2020,India344,IND,1400000000,70,90,90,15000
2020,YR2020,India96,IND,1400000000,70,90,90,15000
2020,YR2020,India111,IND,1400000000,70,90,90,15000
2020,YR2020,India386,IND,1400000000,70,90,90,15000
2020,YR2020,India169,IND,1400000000,70,90,90,15000
2020,YR2020,India379,IND,1400000000,70,90,90,15000
2020,YR2020,India228,IND,1400000000,70,90,90,15000
2020,YR2020,India500,IND,1400000000,70,90,90,15000
2020,YR2020,India432,IND,1400000000,70,90,90,15000
2020,YR2020,India17,IND,1400000000,70,90,90,15000
2020,YR2020,India309,IND,1400000000,70,90,90,15000
2020,YR2020,India103,IND,1400000000,70,90,90,15000
2020,YR2020,India151,IND,1400000000,70,90,90,15000
2020,YR2020,India109,IND,1400000000,70,90,90,15000
2020,YR2020,India197,IND,1400000000,70,90,90,15000
2020,YR2020,India145,IND,1400000000,70,90,90,15000
2020,YR2020,India286,IND,1400000000,70,90,90,15000
2020,YR2020,India78,IND,1400000000,70,90,90,15000
2020,YR2020,India327,IND,1400000000,70,90,90,15000
2020,YR2020,India393,IND,1400000000,70,90,90,15000
2020,YR2020,India245,IND,1400000000,70,90,90,15000
2020,YR2020,India62,IND,1400000000,70,90,90,15000
2020,YR2020,India141,IND,1400000000,70,90,90,15000
2020,YR2020,India94,IND,1400000000,70,90,90,15000
2020,YR2020,India163,IND,1400000000,70,90,90,15000
2020,YR2020,India53,IND,1400000000,70,90,90,15000
2020,YR2020,India246,IND,1400000000,70,90,90,15000
2020,YR2020,India396,IND,1400000000,70,90,90,15000
2020,YR2020,India270,IND,1400000000,70,90,90,15000
2020,YR2020,India476,IND,1400000000,70,90,90,15000
2020,YR2020,India48,IND,1400000000,70,90,90,15000
2020,YR2020,India339,IND,1400000000,70,90,90,15000
2020,YR2020,India419,IND,1400000000,70,90,90,15000
2020,YR2020,India67,IND,1400000000,70,90,90,15000
2020,YR2020,India79,IND,1400000000,70,90,90,15000
2020,YR2020,India468,IND,1400000000,70,90,90,15000
2020,YR2020,India140,IND,1400000000,70,90,90,15000
2020,YR2020,India189,IND,1400000000,70,90,90,15000
2020,YR2020,India422,IND,1400000000,70,90,90,15000
2020,YR2020,India41,IND,1400000000,70,90,90,15000
2020,YR2020,India226,IND,1400000000,70,90,90,15000
2020,YR2020,India1,IND,1400000000,70,90,90,15000
2020,YR2020,India272,IND,1400000000,70,90,90,15000
2020,YR2020,India255,IND,1400000000,70,90,90,15000
2020,YR2020,India452,IND,1400000000,70,90,90,15000
2020,YR2020,India413,IND,1400000000,70,90,90,15000
2020,YR2020,India156,IND,1400000000,70,90,90,15000
2020,YR2020,India240,IND,1400000000,70,90,90,15000
2020,YR2020,India188,IND,1400000000,70,90,90,15000
2020,YR2020,India407,IND,1400000000,70,90,90,15000
2020,YR2020,India97,IND,1400000000,70,90,90,15000
2020,YR2020,India7,IND,1400000000,70,90,90,15000
2020,YR2020,India37,IND,1400000000,70,90,90,15000
2020,YR2020,India423,IND,1400000000,70,90,90,15000
2020,YR2020,India429,IND,1400000000,70,90,90,15000
2020,YR2020,India13,IND,1400000000,70,90,90,15000
2020,YR2020,India371,IND,1400000000,70,90,90,15000
2020,YR2020,India434,IND,1400000000,70,90,90,15000
2020,YR2020,India301,IND,1400000000,70,90,90,15000
2020,YR2020,India150,IND,1400000000,70,90,90,15000
2020,YR2020,India237,IND,1400000000,70,90,90,15000
2020,YR2020,India305,IND,1400000000,70,90,90,15000
2020,YR2020,India254,IND,1400000000,70,90,90,15000
2020,YR2020,India113,IND,1400000000,70,90,90,15000
2020,YR2020,India20,IND,1400000000,70,90,90,15000
2020,YR2020,India277,IND,1400000000,70,90,90,15000
2020,YR2020,India496,IND,1400000000,70,90,90,15000
2020,YR2020,India453,IND,1400000000,70,90,90,15000
2020,YR2020,India362,IND,1400000000,70,90,90,15000
2020,YR2020,India210,IND,1400000000,70,90,90,15000
2020,YR2020,India243,IND,1400000000,70,90,90,15000
2020,YR2020,India168,IND,1400000000,70,90,90,15000
2020,YR2020,India227,IND,1400000000,70,90,90,15000
2020,YR2020,India131,IND,1400000000,70,90,90,15000
2020,YR2020,India70,IND,1400000000,70,90,90,15000
2020,YR2020,India183,IND,1400000000,70,90,90,15000
2020,YR2020,India276,IND,1400000000,70,90,90,15000
2020,YR2020,India489,IND,1400000000,70,90,90,15000
2020,YR2020,India483,IND,1400000000,70,90,90,15000
2020,YR2020,India415,IND,1400000000,70,90,90,15000
2020,YR2020,India275,IND,1400000000,70,90,90,15000
2020,YR2020,India414,IND,1400000000,70,90,90,15000
2020,YR2020,India268,IND,1400000000,70,90,90,15000
2020,YR2020,India177,IND,1400000000,70,90,90,15000
2020,YR2020,India490,IND,1400000000,70,90,90,15000
2020,YR2020,India259,IND,1400000000,70,90,90,15000
2020,YR2020,India208,IND,1400000000,70,90,90,15000
2020,YR2020,India361,IND,1400000000,70,90,90,15000
2020,YR2020,India194,IND,1400000000,70,90,90,15000
2020,YR2020,India28,IND,1400000000,70,90,90,15000
2020,YR2020,India328,IND,1400000000,70,90,90,15000
2020,YR2020,India336,IND,1400000000,70,90,90,15000
2020,YR2020,India244,IND,1400000000,70,90,90,15000
2020,YR2020,India82,IND,1400000000,70,90,90,15000
2020,YR2020,India80,IND,1400000000,70,90,90,15000
2020,YR2020,India191,IND,1400000000,70,90,90,15000
2020,YR2020,India356,IND,1400000000,70,90,90,15000
2020,YR2020,India184,IND,1400000000,70,90,90,15000
2020,YR2020,India321,IND,1400000000,70,90,90,15000
2020,YR2020,India332,IND,1400000000,70,90,90,15000
2020,YR2020,India209,IND,1400000000,70,90,90,15000
2020,YR2020,India262,IND,1400000000,70,90,90,15000
2020,YR2020,India239,IND,1400000000,70,90,90,15000
2020,YR2020,India318,IND,1400000000,70,90,90,15000
2020,YR2020,India408,IND,1400000000,70,90,90,15000
2020,YR2020,India494,IND,1400000000,70,90,90,15000
2020,YR2020,India425,IND,1400000000,70,90,90,15000
2020,YR2020,India486,IND,1400000000,70,90,90,15000
2020,YR2020,India249,IND,1400000000,70,90,90,15000
2020,YR2020,India16,IND,1400000000,70,90,90,15000
2020,YR2020,India250,IND,1400000000,70,90,90,15000
2020,YR2020,India86,IND,1400000000,70,90,90,15000
2020,YR2020,India329,IND,1400000000,70,90,90,15000
2020,YR2020,India162,IND,1400000000,70,90,90,15000
2020,YR2020,India450,IND,1400000000,70,90,90,15000
2020,YR2020,India473,IND,1400000000,70,90,90,15000
2020,YR2020,India280,IND,1400000000,70,90,90,15000
2020,YR2020,India114,IND,1400000000,70,90,90,15000
2020,YR2020,India416,IND,1400000000,70,90,90,15000
2020,YR2020,India389,IND,1400000000,70,90,90,15000
2020,YR2020,India445,IND,1400000000,70,90,90,15000
2020,YR2020,India351,IND,1400000000,70,90,90,15000
2020,YR2020,India221,IND,1400000000,70,90,90,15000
2020,YR2020,India441,IND,1400000000,70,90,90,15000
2020,YR2020,India404,IND,1400000000,70,90,90,15000
2020,YR2020,India400,IND,1400000000,70,90,90,15000
2020,YR2020,India253,IND,1400000000,70,90,90,15000
2020,YR2020,India18,IND,1400000000,70,90,90,15000
2020,YR2020,India261,IND,1400000000,70,90,90,15000
2020,YR2020,India223,IND,1400000000,70,90,90,15000
2020,YR2020,India348,IND,1400000000,70,90,90,15000
2020,YR2020,India368,IND,1400000000,70,90,90,15000
2020,YR2020,India56,IND,1400000000,70,90,90,15000
2020,YR2020,India31,IND,1400000000,70,90,90,15000
2020,YR2020,India88,IND,1400000000,70,90,90,15000
2020,YR2020,India307,IND,1400000000,70,90,90,15000
2020,YR2020,India437,IND,1400000000,70,90,90,15000
2020,YR2020,India195,IND,1400000000,70,90,90,15000
2020,YR2020,India93,IND,1400000000,70,90,90,15000
2020,YR2020,India30,IND,1400000000,70,90,90,15000
2020,YR2020,India457,IND,1400000000,70,90,90,15000
2020,YR2020,India158,IND,1400000000,70,90,90,15000
2020,YR2020,India213,IND,1400000000,70,90,90,15000
2020,YR2020,India464,IND,1400000000,70,90,90,15000
2020,YR2020,India10,IND,1400000000,70,90,90,15000
2020,YR2020,India143,IND,1400000000,70,90,90,15000
2020,YR2020,India279,IND,1400000000,70,90,90,15000
2020,YR2020,India303,IND,1400000000,70,90,90,15000
2020,YR2020,India302,IND,1400000000,70,90,90,15000
2020,YR2020,India178,IND,1400000000,70,90,90,15000
2020,YR2020,India6,IND,1400000000,70,90,90,15000
2020,YR2020,India192,IND,1400000000,70,90,90,15000
2020,YR2020,India154,IND,1400000000,70,90,90,15000
2020,YR2020,India120,IND,1400000000,70,90,90,15000
2020,YR2020,India438,IND,1400000000,70,90,90,15000
2020,YR2020,India164,IND,1400000000,70,90,90,15000
2020,YR2020,India87,IND,1400000000,70,90,90,15000
2020,YR2020,India71,IND,1400000000,70,90,90,15000
2020,YR2020,India117,IND,1400000000,70,90,90,15000
2020,YR2020,India267,IND,1400000000,70,90,90,15000
2020,YR2020,India196,IND,1400000000,70,90,90,15000
2020,YR2020,India475,IND,1400000000,70,90,90,15000
2020,YR2020,India46,IND,1400000000,70,90,90,15000
2020,YR2020,India374,IND,1400000000,70,90,90,15000
2020,YR2020,India124,IND,1400000000,70,90,90,15000
2020,YR2020,India175,IND,1400000000,70,90,90,15000
2020,YR2020,India179,IND,1400000000,70,90,90,15000
2020,YR2020,India75,IND,1400000000,70,90,90,15000
2020,YR2020,India285,IND,1400000000,70,90,90,15000
2020,YR2020,India222,IND,1400000000,70,90,90,15000
2020,YR2020,India11,IND,1400000000,70,90,90,15000
2020,YR2020,India377,IND,1400000000,70,90,90,15000
2020,YR2020,India49,IND,1400000000,70,90,90,15000
2020,YR2020,India358,IND,1400000000,70,90,90,15000
2020,YR2020,India293,IND,1400000000,70,90,90,15000
2020,YR2020,India291,IND,1400000000,70,90,90,15000
2020,YR2020,India269,IND,1400000000,70,90,90,15000
2020,YR2020,India440,IND,1400000000,70,90,90,15000
2020,YR2020,India287,IND,1400000000,70,90,90,15000
2020,YR2020,India60,IND,1400000000,70,90,90,15000
2020,YR2020,India135,IND,1400000000,70,90,90,15000
2020,YR2020,India402,IND,1400000000,70,90,90,15000
2020,YR2020,India23,IND,1400000000,70,90,90,15000
2020,YR2020,India230,IND,1400000000,70,90,90,15000
2020,YR2020,India173,IND,1400000000,70,90,90,15000
2020,YR2020,India341,IND,1400000000,70,90,90,15000
2020,YR2020,India282,IND,1400000000,70,90,90,15000
2020,YR2020,India133,IND,1400000000,70,90,90,15000
2020,YR2020,India495,IND,1400000000,70,90,90,15000
2020,YR2020,India176,IND,1400000000,70,90,90,15000
2020,YR2020,India474,IND,1400000000,70,90,90,15000
2020,YR2020,India190,IND,1400000000,70,90,90,15000
2020,YR2020,India66,IND,1400000000,70,90,90,15000
2020,YR2020,India116,IND,1400000000,70,90,90,15000
2020,YR2020,India273,IND,1400000000,70,90,90,15000
2020,YR2020,India353,IND,1400000000,70,90,90,15000
2020,YR2020,India313,IND,1400000000,70,90,90,15000
2020,YR2020,India289,IND,1400000000,70,90,90,15000
2020,YR2020,India220,IND,1400000000,70,90,90,15000
2020,YR2020,India409,IND,1400000000,70,90,90,15000
2020,YR2020,India5,IND,1400000000,70,90,90,15000
2020,YR2020,India233,IND,1400000000,70,90,90,15000
2020,YR2020,India480,IND,1400000000,70,90,90,15000
2020,YR2020,India132,IND,1400000000,70,90,90,15000
2020,YR2020,India74,IND,1400000000,70,90,90,15000
2020,YR2020,India171,IND,1400000000,70,90,90,15000
2020,YR2020,India458,IND,1400000000,70,90,90,15000
2020,YR2020,India340,IND,1400000000,70,90,90,15000
2020,YR2020,India32,IND,1400000000,70,90,90,15000
2020,YR2020,India485,IND,1400000000,70,90,90,15000
2020,YR2020,India144,IND,1400000000,70,90,90,15000
2020,YR2020,India3,IND,1400000000,70,90,90,15000
2020,YR2020,India366,IND,1400000000,70,90,90,15000
2020,YR2020,India346,IND,1400000000,70,90,90,15000
2020,YR2020,India231,IND,1400000000,70,90,90,15000
2020,YR2020,India444,IND,1400000000,70,90,90,15000
2020,YR2020,India331,IND,1400000000,70,90,90,15000
2020,YR2020,India40,IND,1400000000,70,90,90,15000
2020,YR2020,India44,IND,1400000000,70,90,90,15000
2020,YR2020,India367,IND,1400000000,70,90,90,15000
2020,YR2020,India225,IND,1400000000,70,90,90,15000
2020,YR2020,India119,IND,1400000000,70,90,90,15000
2020,YR2020,India484,IND,1400000000,70,90,90,15000
2020,YR2020,India247,IND,1400000000,70,90,90,15000
2020,YR2020,India153,IND,1400000000,70,90,90,15000
2020,YR2020,India193,IND,1400000000,70,90,90,15000
2020,YR2020,India22,IND,1400000000,70,90,90,15000
2020,YR2020,India443,IND,1400000000,70,90,90,15000
2020,YR2020,India229,IND,1400000000,70,90,90,15000
2020,YR2020,India217,IND,1400000000,70,90,90,15000
2020,YR2020,India266,IND,1400000000,70,90,90,15000
2020,YR2020,India204,IND,1400000000,70,90,90,15000
2020,YR2020,India381,IND,1400000000,70,90,90,15000
2020,YR2020,India148,IND,1400000000,70,90,90,15000
2020,YR2020,India99,IND,1400000000,70,90,90,15000
2020,YR2020,India312,IND,1400000000,70,90,90,15000
2020,YR2020,India308,IND,1400000000,70,90,90,15000
2020,YR2020,India90,IND,1400000000,70,90,90,15000
2020,YR2020,India322,IND,1400000000,70,90,90,15000
2020,YR2020,India85,IND,1400000000,70,90,90,15000
2020,YR2020,India297,IND,1400000000,70,90,90,15000
2020,YR2020,India447,IND,1400000000,70,90,90,15000
2020,YR2020,India299,IND,1400000000,70,90,90,15000
2020,YR2020,India335,IND,1400000000,70,90,90,15000
2020,YR2020,India126,IND,1400000000,70,90,90,15000
2020,YR2020,India325,IND,1400000000,70,90,90,15000
2020,YR2020,India281,IND,1400000000,70,90,90,15000
2020,YR2020,India206,IND,1400000000,70,90,90,15000
2020,YR2020,India59,IND,1400000000,70,90,90,15000
2020,YR2020,India428,IND,1400000000,70,90,90,15000
2020,YR2020,India446,IND,1400000000,70,90,90,15000
2020,YR2020,India427,IND,1400000000,70,90,90,15000
2020,YR2020,India24,IND,1400000000,70,90,90,15000
2020,YR2020,India47,IND,1400000000,70,90,90,15000
2020,YR2020,India373,IND,1400000000,70,90,90,15000
2020,YR2020,India417,IND,1400000000,70,90,90,15000
2020,YR2020,India91,IND,1400000000,70,90,90,15000
2020,YR2020,India199,IND,1400000000,70,90,90,15000
2020,YR2020,India115,IND,1400000000,70,90,90,15000
2020,YR2020,India84,IND,1400000000,70,90,90,15000
2020,YR2020,India248,IND,1400000000,70,90,90,15000
2020,YR2020,India107,IND,1400000000,70,90,90,15000
2020,YR2020,India159,IND,1400000000,70,90,90,15000
2020,YR2020,India298,IND,1400000000,70,90,90,15000
2020,YR2020,India21,IND,1400000000,70,90,90,15000
2020,YR2020,India187,IND,1400000000,70,90,90,15000
2020,YR2020,India76,IND,1400000000,70,90,90,15000
2020,YR2020,India436,IND,1400000000,70,90,90,15000
2020,YR2020,India330,IND,1400000000,70,90,90,15000
2020,YR2020,India391,IND,1400000000,70,90,90,15000
2020,YR2020,India319,IND,1400000000,70,90,90,15000
2020,YR2020,India166,IND,1400000000,70,90,90,15000
2020,YR2020,India72,IND,1400000000,70,90,90,15000
2020,YR2020,India359,IND,1400000000,70,90,90,15000
2020,YR2020,India129,IND,1400000000,70,90,90,15000
2020,YR2020,India92,IND,1400000000,70,90,90,15000
2020,YR2020,India387,IND,1400000000,70,90,90,15000
2020,YR2020,India9,IND,1400000000,70,90,90,15000
2020,YR2020,India365,IND,1400000000,70,90,90,15000
2020,YR2020,India376,IND,1400000000,70,90,90,15000
2020,YR2020,India364,IND,1400000000,70,90,90,15000
2020,YR2020,India451,IND,1400000000,70,90,90,15000
2020,YR2020,India182,IND,1400000000,70,90,90,15000
2020,YR2020,India424,IND,1400000000,70,90,90,15000
2020,YR2020,India378,IND,1400000000,70,90,90,15000
2020,YR2020,India390,IND,1400000000,70,90,90,15000
2020,YR2020,India207,IND,1400000000,70,90,90,15000
2020,YR2020,India172,IND,1400000000,70,90,90,15000
2020,YR2020,India264,IND,1400000000,70,90,90,15000
2020,YR2020,India58,IND,1400000000,70,90,90,15000
2020,YR2020,India481,IND,1400000000,70,90,90,15000
2020,YR2020,India39,IND,1400000000,70,90,90,15000
2020,YR2020,India385,IND,1400000000,70,90,90,15000
2020,YR2020,India383,IND,1400000000,70,90,90,15000
2020,YR2020,India160,IND,1400000000,70,90,90,15000
2020,YR2020,India118,IND,1400000000,70,90,90,15000
2020,YR2020,India100,IND,1400000000,70,90,90,15000
2020,YR2020,India106,IND,1400000000,70,90,90,15000
2020,YR2020,India61,IND,1400000000,70,90,90,15000
2020,YR2020,India38,IND,1400000000,70,90,90,15000
2020,YR2020,India152,IND,1400000000,70,90,90,15000
2020,YR2020,India338,IND,1400000000,70,90,90,15000
2020,YR2020,India274,IND,1400000000,70,90,90,15000
2020,YR2020,India83,IND,1400000000,70,90,90,15000
2020,YR2020,India251,IND,1400000000,70,90,90,15000
2020,YR2020,India278,IND,1400000000,70,90,90,15000
2020,YR2020,India123,IND,1400000000,70,90,90,15000
2020,YR2020,India306,IND,1400000000,70,90,90,15000
2020,YR2020,India14,IND,1400000000,70,90,90,15000
2020,YR2020,India487,IND,1400000000,70,90,90,15000
2020,YR2020,India63,IND,1400000000,70,90,90,15000
2020,YR2020,India65,IND,1400000000,70,90,90,15000
2020,YR2020,India110,IND,1400000000,70,90,90,15000
2020,YR2020,India165,IND,1400000000,70,90,90,15000
2020,YR2020,India134,IND,1400000000,70,90,90,15000
2020,YR2020,India180,IND,1400000000,70,90,90,15000
2020,YR2020,India236,IND,1400000000,70,90,90,15000
2020,YR2020,India295,IND,1400000000,70,90,90,15000
2020,YR2020,India369,IND,1400000000,70,90,90,15000
2020,YR2020,India201,IND,1400000000,70,90,90,15000
2020,YR2020,India323,IND,1400000000,70,90,90,15000
2020,YR2020,India161,IND,1400000000,70,90,90,15000
2020,YR2020,India242,IND,1400000000,70,90,90,15000
2020,YR2020,India283,IND,1400000000,70,90,90,15000
2020,YR2020,India333,IND,1400000000,70,90,90,15000
2020,YR2020,India488,IND,1400000000,70,90,90,15000
2020,YR2020,India477,IND,1400000000,70,90,90,15000
2020,YR2020,India234,IND,1400000000,70,90,90,15000
2020,YR2020,India216,IND,1400000000,70,90,90,15000
2020,YR2020,India343,IND,1400000000,70,90,90,15000
2020,YR2020,India142,IND,1400000000,70,90,90,15000
2020,YR2020,India315,IND,1400000000,70,90,90,15000
2020,YR2020,India372,IND,1400000000,70,90,90,15000
2020,YR2020,India296,IND,1400000000,70,90,90,15000
2020,YR2020,India354,IND,1400000000,70,90,90,15000
2020,YR2020,India433,IND,1400000000,70,90,90,15000
2020,YR2020,India337,IND,1400000000,70,90,90,15000
2020,YR2020,India256,IND,1400000000,70,90,90,15000
2020,YR2020,India399,IND,1400000000,70,90,90,15000
2020,YR2020,India470,IND,1400000000,70,90,90,15000
2020,YR2020,India448,IND,1400000000,70,90,90,15000
2020,YR2020,India466,IND,1400000000,70,90,90,15000
2020,YR2020,India392,IND,1400000000,70,90,90,15000
2020,YR2020,India155,IND,1400000000,70,90,90,15000
2020,YR2020,India435,IND,1400000000,70,90,90,15000
2020,YR2020,India472,IND,1400000000,70,90,90,15000
2020,YR2020,India469,IND,1400000000,70,90,90,15000
2020,YR2020,India232,IND,1400000000,70,90,90,15000
2020,YR2020,India479,IND,1400000000,70,90,90,15000
2020,YR2020,India64,IND,1400000000,70,90,90,15000
2020,YR2020,India352,IND,1400000000,70,90,90,15000
2020,YR2020,India350,IND,1400000000,70,90,90,15000
2020,YR2020,India205,IND,1400000000,70,90,90,15000
2020,YR2020,India15,IND,1400000000,70,90,90,15000
2020,YR2020,India27,IND,1400000000,70,90,90,15000
2020,YR2020,India101,IND,1400000000,70,90,90,15000
2020,YR2020,India347,IND,1400000000,70,90,90,15000
2020,YR2020,India125,IND,1400000000,70,90,90,15000
2020,YR2020,India430,IND,1400000000,70,90,90,15000
2020,YR2020,India499,IND,1400000000,70,90,90,15000
2020,YR2020,India403,IND,1400000000,70,90,90,15000
2020,YR2020,India357,IND,1400000000,70,90,90,15000
2020,YR2020,India394,IND,1400000000,70,90,90,15000
2020,YR2020,India482,IND,1400000000,70,90,90,15000
2020,YR2020,India50,IND,1400000000,70,90,90,15000
2020,YR2020,India284,IND,1400000000,70,90,90,15000
2020,YR2020,India478,IND,1400000000,70,90,90,15000
2020,YR2020,India35,IND,1400000000,70,90,90,15000
2020,YR2020,India463,IND,1400000000,70,90,90,15000
2020,YR2020,India77,IND,1400000000,70,90,90,15000
2020,YR2020,India252,IND,1400000000,70,90,90,15000
2020,YR2020,India33,IND,1400000000,70,90,90,15000
2020,YR2020,India174,IND,1400000000,70,90,90,15000
2020,YR2020,India460,IND,1400000000,70,90,90,15000
2020,YR2020,India498,IND,1400000000,70,90,90,15000
2020,YR2020,India492,IND,1400000000,70,90,90,15000
2020,YR2020,India147,IND,1400000000,70,90,90,15000
2020,YR2020,India42,IND,1400000000,70,90,90,15000
2020,YR2020,India439,IND,1400000000,70,90,90,15000
2020,YR2020,India122,IND,1400000000,70,90,90,15000
2020,YR2020,India218,IND,1400000000,70,90,90,15000
2020,YR2020,India461,IND,1400000000,70,90,90,15000
2020,YR2020,India384,IND,1400000000,70,90,90,15000
2020,YR2020,India186,IND,1400000000,70,90,90,15000
2020,YR2020,India55,IND,1400000000,70,90,90,15000
2020,YR2020,India265,IND,1400000000,70,90,90,15000
2020,YR2020,India127,IND,1400000000,70,90,90,15000
2020,YR2020,India411,IND,1400000000,70,90,90,15000
2020,YR2020,India108,IND,1400000000,70,90,90,15000
2020,YR2020,India104,IND,1400000000,70,90,90,15000
2020,YR2020,India420,IND,1400000000,70,90,90,15000
2020,YR2020,India26,IND,1400000000,70,90,90,15000
2020,YR2020,India431,IND,1400000000,70,90,90,15000
2020,YR2020,India449,IND,1400000000,70,90,90,15000
2020,YR2020,India342,IND,1400000000,70,90,90,15000
2020,YR2020,India324,IND,1400000000,70,90,90,15000
2020,YR2020,India36,IND,1400000000,70,90,90,15000
2020,YR2020,India456,IND,1400000000,70,90,90,15000
2020,YR2020,India304,IND,1400000000,70,90,90,15000
2020,YR2020,India149,IND,1400000000,70,90,90,15000
2020,YR2020,India314,IND,1400000000,70,90,90,15000
2020,YR2020,India130,IND,1400000000,70,90,90,15000
2020,YR2020,India215,IND,1400000000,70,90,90,15000
2020,YR2020,India95,IND,1400000000,70,90,90,15000
2020,YR2020,India211,IND,1400000000,70,90,90,15000
2020,YR2020,India219,IND,1400000000,70,90,90,15000
2020,YR2020,India326,IND,1400000000,70,90,90,15000
2020,YR2020,India349,IND,1400000000,70,90,90,15000
2020,YR2020,India271,IND,1400000000,70,90,90,15000
2020,YR2020,India380,IND,1400000000,70,90,90,15000
2020,YR2020,India112,IND,1400000000,70,90,90,15000
2020,YR2020,India454,IND,1400000000,70,90,90,15000
2020,YR2020,India363,IND,1400000000,70,90,90,15000
2020,YR2020,India157,IND,1400000000,70,90,90,15000
2020,YR2020,India34,IND,1400000000,70,90,90,15000
2020,YR2020,India51,IND,1400000000,70,90,90,15000
2020,YR2020,India459,IND,1400000000,70,90,90,15000
2020,YR2020,India493,IND,1400000000,70,90,90,15000
2020,YR2020,India146,IND,1400000000,70,90,90,15000
2020,YR2020,India288,IND,1400000000,70,90,90,15000
2020,YR2020,India4,IND,1400000000,70,90,90,15000
2020,YR2020,India382,IND,1400000000,70,90,90,15000
2020,YR2020,India355,IND,1400000000,70,90,90,15000
2020,YR2020,India89,IND,1400000000,70,90,90,15000
2020,YR2020,India198,IND,1400000000,70,90,90,15000
2020,YR2020,India136,IND,1400000000,70,90,90,15000
2020,YR2020,India260,IND,1400000000,70,90,90,15000
2020,YR2020,India397,IND,1400000000,70,90,90,15000
2020,YR2020,India497,IND,1400000000,70,90,90,15000
2020,YR2020,India300,IND,1400000000,70,90,90,15000
2020,YR2020,India375,IND,1400000000,70,90,90,15000
2020,YR2020,India257,IND,1400000000,70,90,90,15000
2020,YR2020,India395,IND,1400000000,70,90,90,15000
2020,YR2020,India8,IND,1400000000,70,90,90,15000
2020,YR2020,India388,IND,1400000000,70,90,90,15000
2020,YR2020,India2,IND,1400000000,70,90,90,15000
2020,YR2020,India311,IND,1400000000,70,90,90,15000
2020,YR2020,India203,IND,1400000000,70,90,90,15000
2020,YR2020,India121,IND,1400000000,70,90,90,15000
2020,YR2020,India19,IND,1400000000,70,90,90,15000
2020,YR2020,India81,IND,1400000000,70,90,90,15000
2020,YR2020,India418,IND,1400000000,70,90,90,15000
2020,YR2020,India102,IND,1400000000,70,90,90,15000
2020,YR2020,India421,IND,1400000000,70,90,90,15000
2020,YR2020,India471,IND,1400000000,70,90,90,15000
2020,YR2020,India455,IND,1400000000,70,90,90,15000
2020,YR2020,India52,IND,1400000000,70,90,90,15000
2020,YR2020,India241,IND,1400000000,70,90,90,15000
2020,YR2020,India202,IND,1400000000,70,90,90,15000
2020,YR2020,India292,IND,1400000000,70,90,90,15000
2020,YR2020,India68,IND,1400000000,70,90,90,15000
2020,YR2020,India426,IND,1400000000,70,90,90,15000
2020,YR2020,India167,IND,1400000000,70,90,90,15000
2020,YR2020,India29,IND,1400000000,70,90,90,15000
2020,YR2020,India442,IND,1400000000,70,90,90,15000
2020,YR2020,India43,IND,1400000000,70,90,90,15000
2020,YR2020,India462,IND,1400000000,70,90,90,15000
2020,YR2020,India317,IND,1400000000,70,90,90,15000
2020,YR2020,India370,IND,1400000000,70,90,90,15000
2020,YR2020,India45,IND,1400000000,70,90,90,15000
2020,YR2020,India310,IND,1400000000,70,90,90,15000
2020,YR2020,India405,IND,1400000000,70,90,90,15000
2020,YR2020,India360,IND,1400000000,70,90,90,15000
2020,YR2020,India54,IND,1400000000,70,90,90,15000
2020,YR2020,India320,IND,1400000000,70,90,90,15000
2020,YR2020,India401,IND,1400000000,70,90,90,15000
2020,YR2020,India290,IND,1400000000,70,90,90,15000
2020,YR2020,India294,IND,1400000000,70,90,90,15000
2020,YR2020,India98,IND,1400000000,70,90,90,15000
2020,YR2020,India258,IND,1400000000,70,90,90,15000
2020,YR2020,India170,IND,1400000000,70,90,90,15000
2020,YR2020,India467,IND,1400000000,70,90,90,15000
2020,YR2020,India73,IND,1400000000,70,90,90,15000
2020,YR2020,India316,IND,1400000000,70,90,90,15000
2020,YR2020,India128,IND,1400000000,70,90,90,15000
2020,YR2020,India25,IND,1400000000,70,90,90,15000
2020,YR2020,India398,IND,1400000000,70,90,90,15000
2020,YR2020,India181,IND,1400000000,70,90,90,15000
2020,YR2020,India238,IND,1400000000,70,90,90,15000
2020,YR2020,India57,IND,1400000000,70,90,90,15000
2020,YR2020,India412,IND,1400000000,70,90,90,15000
2020,YR2020,India214,IND,1400000000,70,90,90,15000
2020,YR2020,India200,IND,1400000000,70,90,90,15000
2020,YR2020,India263,IND,1400000000,70,90,90,15000
2020,YR2020,India212,IND,1400000000,70,90,90,15000
